link,date,title,address,area,rooms,suite,bathrooms,garage,price,condo,zone,district,characteristics,createdAt
https://web.archive.org/web/20180105/https://www.vivareal.com.br/venda/sp/sao-paulo/,2018-01-05,"Apartamento com 3 Quartos à Venda, 65m²","Avenida Celso Garcia, 1800 - Belém, São Paulo - SP",65,3,1,2,1,239000,300,Zona Leste,Belém,"[""Perto de vias de acesso"",""Perto de shopping center"",""Perto de escola"",""Próximo a hospitais"",""TV a cabo"",""Conexão à internet"",""Garagem"",""Lavanderia"",""Cozinha"",""Área de serviço"",""Vista exterior"",""Sistema de alarme"",""Condomínio fechado"",""Interfone"",""Segurança 24h"",""Circuito de segurança"",""Vigia"",""Churrasqueira"",""Elevador"",""Academia"",""Salão de festas"",""Playground"",""Piscina"",""Quadra poliesportiva"",""Piscina adulta"",""Piscina infantil"",""Salão de jogos"",""Salão de jogos juvenil"",""Recepção""]",2023-07-24-22:16:35
https://web.archive.org/web/20180105/https://www.vivareal.com.br/venda/sp/sao-paulo/,2018-01-05,Timelife,"Avenida Marquês de São Vicente - Jardim das Perdizes, São Paulo - SP",57-83,2,,0,0,614179,,Zona Oeste,Jardim das Perdizes,[],2023-07-24-22:16:35
https://web.archive.org/web/20180105/https://www.vivareal.com.br/venda/sp/sao-paulo/,2018-01-05,"Casa com 3 Quartos para Venda/Aluguel, 135m²","Rua Francisco Soler, 79 - Jardim São Ricardo, São Paulo - SP",135,3,1,3,3,800000,,Zona Oeste,Jardim São Ricardo,"[""Perto de vias de acesso"",""Perto de shopping center"",""Perto de escola"",""Próximo a hospitais"",""Vista exterior"",""Área de serviço"",""Cozinha"",""Garagem"",""Conexão à internet"",""TV a cabo"",""Cabeamento completo"",""Condomínio fechado"",""Interfone"",""Segurança 24h"",""Circuito de segurança"",""Vigia"",""Quintal"",""Depósito"",""Churrasqueira""]",2023-07-24-22:16:35
https://web.archive.org/web/20180105/https://www.vivareal.com.br/venda/sp/sao-paulo/,2018-01-05,"Apartamento com 2 Quartos à Venda, 40m²","Rua da Independência, 10 - Cambuci, São Paulo - SP",40,2,0,1,1,199000,220,Zona Sul,Cambuci,"[""Perto de vias de acesso"",""Quadra poliesportiva"",""Interfone"",""Playground"",""Condomínio fechado"",""Churrasqueira"",""Salão de festas"",""Espaço gourmet"",""Sacada"",""Elevador"",""Academia"",""Segurança 24h"",""Piscina"",""Sistema de alarme"",""Perto de shopping center"",""Jardim"",""Próximo a hospitais"",""Perto de escola"",""Circuito de segurança"",""Vigia"",""Vista exterior"",""Cozinha"",""Lavanderia"",""Garagem"",""Home cinema"",""Espaço verde / Parque"",""Piscina adulta"",""Piscina infantil"",""Salão de jogos"",""Salão de jogos juvenil""]",2023-07-24-22:16:35
https://web.archive.org/web/20180105/https://www.vivareal.com.br/venda/sp/sao-paulo/,2018-01-05,"Apartamento com 3 Quartos para Venda/Aluguel, 65m²","Rua Carlos Alberto Vanzolini, 445 - Vila Dos Remedios, São Paulo - SP",65,3,0,1,1,310000,580,Zona Oeste,Vila Dos Remedios,"[""Perto de vias de acesso"",""Perto de shopping center"",""Perto de escola"",""Próximo a hospitais"",""Jardim"",""Elevador"",""Salão de festas"",""Academia"",""Piscina"",""Sauna"",""Segurança 24h"",""Interfone""]",2023-07-24-22:16:35
https://web.archive.org/web/20180105/https://www.vivareal.com.br/venda/sp/sao-paulo/,2018-01-05,"Apartamento com 3 Quartos para Venda/Aluguel, 70m²","Rua Conrado Mazzeo, 292 - Jardim Luisa, São Paulo - SP",70,3,1,2,1,310000,344,Zona Oeste,Jardim Luisa,"[""Perto de vias de acesso"",""Perto de shopping center"",""Perto de escola"",""Próximo a hospitais"",""Sacada"",""Garagem"",""Cozinha"",""Área de serviço"",""Condomínio fechado"",""Interfone"",""Segurança 24h"",""Churrasqueira"",""Elevador"",""Espaço gourmet"",""Playground"",""Salão de festas"",""Academia"",""Espaço verde / Parque"",""Salão de jogos"",""Salão de jogos juvenil""]",2023-07-24-22:16:35
https://web.archive.org/web/20180105/https://www.vivareal.com.br/venda/sp/sao-paulo/,2018-01-05,"Casa de Condomínio com 2 Quartos à Venda, 60m²","Rua Antônio Gomes Correa, 001 - Jardim Catanduva, São Paulo - SP",60,2,0,1,1,240000,260,Zona Sul,Jardim Catanduva,"[""Perto de vias de acesso"",""Perto de shopping center"",""Perto de escola"",""Próximo a hospitais"",""Sistema de alarme"",""Condomínio fechado"",""Interfone"",""Segurança 24h"",""Circuito de segurança""]",2023-07-24-22:16:35
https://web.archive.org/web/20180105/https://www.vivareal.com.br/venda/sp/sao-paulo/,2018-01-05,"Casa com 3 Quartos para Venda/Aluguel, 159m²","Rua Poema dos Olhos - Jardim Arpoardor, São Paulo - SP",159,3,2,3,2,380000,,Zona Oeste,Jardim Arpoardor,"[""Perto de vias de acesso"",""Sacada"",""Quintal"",""Garagem"",""Lavanderia"",""Cozinha""]",2023-07-24-22:16:35
https://web.archive.org/web/20180105/https://www.vivareal.com.br/venda/sp/sao-paulo/,2018-01-05,Office Time,"Avenida Marquês de São Vicente - Jardim das Perdizes, São Paulo - SP",44-74,0,,0,0,704378,,Zona Oeste,Jardim das Perdizes,[],2023-07-24-22:16:35
https://web.archive.org/web/20180105/https://www.vivareal.com.br/venda/sp/sao-paulo/,2018-01-05,"Apartamento com 2 Quartos à Venda, 87m²","Rua da Consolação, 986 - Consolação, São Paulo - SP",87,2,0,1,1,600000,1300,,VivaReal,"[""Perto de vias de acesso"",""Perto de escola"",""Próximo a hospitais"",""Elevador"",""Garagem"",""Conexão à internet"",""TV a cabo"",""Área de serviço"",""Cozinha"",""Sistema de alarme"",""Condomínio fechado"",""Interfone""]",2023-07-24-22:16:35
https://web.archive.org/web/20180105/https://www.vivareal.com.br/venda/sp/sao-paulo/,2018-01-05,"Apartamento com 2 Quartos à Venda, 40m²","Rua Alexandrino da Silveira Bueno, 369 - Cambuci, São Paulo - SP",40,2,0,1,1,184000,,Zona Sul,Cambuci,"[""Perto de vias de acesso"",""Perto de shopping center"",""Perto de escola"",""Próximo a hospitais"",""Churrasqueira"",""Elevador"",""Jardim"",""Espaço gourmet"",""Academia"",""Salão de festas"",""Playground"",""Quadra poliesportiva"",""Espaço verde / Parque"",""Salão de jogos"",""Salão de jogos juvenil"",""Garagem"",""Segurança 24h"",""Área de serviço"",""Cozinha""]",2023-07-24-22:16:35
https://web.archive.org/web/20180105/https://www.vivareal.com.br/venda/sp/sao-paulo/,2018-01-05,"Apartamento com 3 Quartos à Venda, 121m²","Rua do Carreiro de Pedra, 111 - Granja Julieta, São Paulo - SP",121,3,1,3,2,1080000,900,Zona Sul,Granja Julieta,"[""Salão de festas"",""Academia"",""Interfone"",""Espaço gourmet"",""Playground"",""Condomínio fechado"",""Churrasqueira"",""Segurança 24h"",""Quadra poliesportiva"",""Perto de shopping center"",""Piscina"",""Sacada"",""Perto de vias de acesso"",""Perto de escola"",""TV a cabo"",""Conexão à internet"",""Cozinha"",""Área de serviço"",""Vista exterior"",""Elevador"",""Jardim"",""Espaço verde / Parque"",""Piscina adulta"",""Piscina infantil"",""Salão de jogos"",""Salão de jogos juvenil"",""Recepção"",""Sauna"",""Gerador elétrico""]",2023-07-24-22:16:35
https://web.archive.org/web/20180105/https://www.vivareal.com.br/venda/sp/sao-paulo/,2018-01-05,"Apartamento com 2 Quartos à Venda, 48m²","Rua Professor Nobil Marcacini, 200 - Jaragua, São Paulo - SP",48,2,0,1,1,220000,225,Zona Norte,Jaragua,"[""Condomínio fechado"",""Quadra poliesportiva"",""Segurança 24h"",""Elevador"",""Sacada"",""Piscina"",""Churrasqueira"",""Salão de festas"",""Interfone"",""Mobiliado"",""Perto de shopping center"",""Sistema de alarme"",""Academia""]",2023-07-24-22:16:35
https://web.archive.org/web/20180105/https://www.vivareal.com.br/venda/sp/sao-paulo/,2018-01-05,"Apartamento com 3 Quartos à Venda, 73m²","Rua Doutor José de Andrade Figueira, 281 - Morumbi, São Paulo - SP",73,3,1,2,2,465000,750,Zona Sul,Morumbi,"[""Perto de vias de acesso"",""Perto de shopping center"",""Perto de escola"",""Próximo a hospitais"",""Sacada"",""Depósito"",""Garagem"",""Cozinha"",""Área de serviço"",""Elevador"",""Piscina"",""Condomínio fechado"",""Interfone"",""Segurança 24h"",""Churrasqueira"",""Jardim"",""Salão de festas"",""Playground""]",2023-07-24-22:16:35
https://web.archive.org/web/20180105/https://www.vivareal.com.br/venda/sp/sao-paulo/,2018-01-05,"Apartamento com 2 Quartos à Venda, 50m²","Rua Aída Gomes Tolêdo, 90 - Imirim, São Paulo - SP",50,2,0,1,1,235000,400,Zona Norte,Imirim,"[""Quadra poliesportiva"",""Playground"",""Academia"",""Churrasqueira"",""Sistema de alarme"",""Piscina"",""Sacada"",""Elevador"",""Jardim"",""Salão de festas"",""Segurança 24h"",""Mobiliado"",""Perto de vias de acesso"",""Espaço gourmet"",""Condomínio fechado"",""Interfone""]",2023-07-24-22:16:35
https://web.archive.org/web/20180105/https://www.vivareal.com.br/venda/sp/sao-paulo/,2018-01-05,Dolce Villa,"Rua Gastão Madeira, 590 - Vila Maria Alta, São Paulo - SP",68-86,2-3,,0,0,398480,,Zona Norte,Vila Maria Alta,[],2023-07-24-22:16:35
https://web.archive.org/web/20180105/https://www.vivareal.com.br/venda/sp/sao-paulo/,2018-01-05,"Casa com 4 Quartos à Venda, 412m²","Rua Visconde de Porto Seguro, 1214 - Chácara Flora, São Paulo - SP",412,4,4,4,4,3914000,3296,Zona Sul,Chácara Flora,"[""Condomínio fechado"",""Piscina"",""Perto de shopping center"",""Jardim"",""Interfone"",""Segurança 24h"",""Quintal"",""Perto de vias de acesso"",""Sistema de alarme""]",2023-07-24-22:16:35
https://web.archive.org/web/20180105/https://www.vivareal.com.br/venda/sp/sao-paulo/,2018-01-05,"Apartamento com 4 Quartos para Venda/Aluguel, 225m²","Avenida Paes de Barros, 542 - Móoca, São Paulo - SP",225,4,1,3,2,1200000,1900,Zona Leste,Móoca,"[""Segurança 24h"",""Mobiliado"",""Churrasqueira"",""Salão de festas"",""Elevador"",""Interfone"",""Academia"",""Playground"",""Perto de vias de acesso""]",2023-07-24-22:16:35
https://web.archive.org/web/20180105/https://www.vivareal.com.br/venda/sp/sao-paulo/,2018-01-05,"Apartamento com 2 Quartos à Venda, 48m²","Rua Itamonte, 2310 - Jaçanã, São Paulo - SP",48,2,0,1,1,225000,330,Zona Norte,Jaçanã,"[""Churrasqueira"",""Elevador"",""Jardim"",""Espaço gourmet"",""Academia"",""Salão de festas"",""Playground"",""Piscina"",""Quadra poliesportiva"",""Piscina adulta"",""Piscina infantil"",""Espaço verde / Parque"",""Sistema de alarme"",""Condomínio fechado"",""Interfone"",""Segurança 24h"",""Circuito de segurança"",""Vigia"",""Cabeamento completo"",""TV a cabo"",""Garagem"",""Conexão à internet"",""Lavanderia"",""Cozinha"",""Área de serviço"",""Aquecimento"",""Sacada"",""Próximo a hospitais"",""Perto de escola"",""Perto de vias de acesso"",""Perto de shopping center""]",2023-07-24-22:16:35
https://web.archive.org/web/20180105/https://www.vivareal.com.br/venda/sp/sao-paulo/,2018-01-05,"Cobertura com 3 Quartos à Venda, 155m²","Rua Faustolo, 898 - Vila Romana, São Paulo - SP",155,3,1,4,3,1650000,1500,Zona Oeste,Vila Romana,"[""Espaço gourmet"",""Quintal"",""Interfone"",""Jardim"",""Sacada"",""Elevador"",""Academia"",""Ar condicionado"",""Playground"",""Perto de shopping center"",""Segurança 24h"",""Salão de festas"",""Condomínio fechado"",""Piscina"",""Churrasqueira"",""Sistema de alarme"",""Perto de vias de acesso"",""Quadra poliesportiva""]",2023-07-24-22:16:35
https://web.archive.org/web/20180105/https://www.vivareal.com.br/venda/sp/sao-paulo/,2018-01-05,"Apartamento com 2 Quartos à Venda, 51m²","Rua Benjamin Pereira, 895 - Jaçanã, São Paulo - SP",51,2,0,1,1,25900,290,Zona Norte,Jaçanã,"[""Perto de vias de acesso"",""Perto de shopping center"",""Perto de escola"",""Próximo a hospitais"",""Churrasqueira"",""Elevador"",""Jardim"",""Espaço gourmet"",""Academia"",""Salão de festas"",""Playground"",""Piscina"",""Quadra poliesportiva"",""Espaço verde / Parque"",""Piscina adulta"",""Piscina infantil"",""Salão de jogos"",""Salão de jogos juvenil"",""Recepção"",""Sauna"",""Serviços públicos essenciais"",""Sistema de alarme"",""Condomínio fechado"",""Interfone"",""Segurança 24h"",""Circuito de segurança"",""Vigia"",""Ar condicionado"",""Quintal"",""Sacada"",""Depósito"",""Lareira"",""Mobiliado"",""Cabeamento completo"",""TV a cabo"",""Conexão à internet"",""Garagem"",""Lavanderia"",""Cozinha"",""Área de serviço"",""Vista exterior""]",2023-07-24-22:16:35
https://web.archive.org/web/20180105/https://www.vivareal.com.br/venda/sp/sao-paulo/,2018-01-05,"Apartamento com 3 Quartos à Venda, 154m²","Rua Reboujo, 250 - Tatuapé, São Paulo - SP",154,3,1,3,2,745000,1220,Zona Leste,Tatuapé,"[""Perto de shopping center"",""Perto de vias de acesso"",""Perto de escola"",""Próximo a hospitais"",""Sacada"",""Mobiliado"",""Conexão à internet"",""Garagem"",""Lavanderia"",""Cozinha"",""Área de serviço"",""Condomínio fechado"",""Interfone"",""Segurança 24h"",""Elevador"",""Academia"",""Salão de festas"",""Playground"",""Piscina"",""Piscina adulta""]",2023-07-24-22:16:35
https://web.archive.org/web/20180105/https://www.vivareal.com.br/venda/sp/sao-paulo/,2018-01-05,West Side Barra Funda,"Rua Anhanguera, 436 - Barra Funda, São Paulo - SP",67-90,2-3,,2,2,441000,,Zona Oeste,Barra Funda,[],2023-07-24-22:16:35
https://web.archive.org/web/20180105/https://www.vivareal.com.br/venda/sp/sao-paulo/,2018-01-05,"Apartamento com 2 Quartos à Venda, 57m²","Rua Nossa Senhora do Bom Conselho, 308 - Campo Limpo, São Paulo - SP",57,2,0,1,1,250000,460,Zona Sul,Campo Limpo,"[""Perto de vias de acesso"",""Perto de shopping center"",""Perto de escola"",""Próximo a hospitais"",""Churrasqueira"",""Elevador"",""Jardim"",""Academia"",""Salão de festas"",""Playground"",""Piscina"",""Quadra poliesportiva"",""Sacada"",""Garagem"",""Lavanderia"",""Cozinha"",""Área de serviço"",""Sistema de alarme"",""Condomínio fechado"",""Interfone"",""Segurança 24h"",""Circuito de segurança"",""Vigia""]",2023-07-24-22:16:35
https://web.archive.org/web/20180105/https://www.vivareal.com.br/venda/sp/sao-paulo/,2018-01-05,"Casa com 2 Quartos à Venda, 70m²","Rua Manuel de Oliveira Lima, 330 - Jardim Eledy, São Paulo - SP",70,2,0,1,1,320000,,Zona Sul,Jardim Eledy,"[""Perto de shopping center"",""Interfone"",""Perto de vias de acesso"",""Quintal""]",2023-07-24-22:16:35
https://web.archive.org/web/20180105/https://www.vivareal.com.br/venda/sp/sao-paulo/,2018-01-05,"Apartamento com 3 Quartos à Venda, 80m²","Rua Vicentina Gomes, 99 - Jurubatuba, São Paulo - SP",80,3,1,3,2,535000,749,Zona Sul,Jurubatuba,"[""Interfone"",""Perto de shopping center"",""Espaço gourmet"",""Condomínio fechado"",""Perto de vias de acesso"",""Piscina"",""Academia"",""Jardim"",""Sacada"",""Playground"",""Quadra poliesportiva"",""Churrasqueira"",""Elevador"",""Segurança 24h"",""Salão de festas"",""Circuito de segurança"",""Vigia"",""Gerador elétrico""]",2023-07-24-22:16:35
https://web.archive.org/web/20180105/https://www.vivareal.com.br/venda/sp/sao-paulo/,2018-01-05,"Kitnet    para Venda/Aluguel, 44m²","Praça Júlio Mesquita, 68 - Jardim Santa Efigenia, São Paulo - SP",44,0,0,1,0,200000,270,Zona Sul,Jardim Santa Efigenia,"[""Interfone"",""Segurança 24h"",""Sistema de alarme"",""Perto de vias de acesso"",""Elevador""]",2023-07-24-22:16:35
https://web.archive.org/web/20180105/https://www.vivareal.com.br/venda/sp/sao-paulo/,2018-01-05,"Apartamento com 2 Quartos à Venda, 72m²","Avenida Miguel Estefno, 784 - Saúde, São Paulo - SP",72,2,1,2,2,598000,717,Zona Sul,Saúde,"[""Segurança 24h"",""Depósito"",""Salão de festas"",""Playground"",""Elevador"",""Ar condicionado"",""Espaço gourmet"",""Perto de shopping center"",""Sacada"",""Churrasqueira"",""Condomínio fechado"",""Jardim"",""Perto de vias de acesso"",""Piscina"",""Sistema de alarme"",""Interfone"",""Academia"",""Perto de escola"",""Quintal"",""Garagem"",""Lavanderia"",""Cozinha"",""Área de serviço"",""Vista exterior"",""Piscina adulta"",""Piscina infantil"",""Salão de jogos"",""Salão de jogos juvenil"",""Sauna"",""Varanda gourmet""]",2023-07-24-22:16:35
https://web.archive.org/web/20180105/https://www.vivareal.com.br/venda/sp/sao-paulo/,2018-01-05,"Flat com  Quarto para Venda/Aluguel, 35m²","Rua Guarará, 511 - Jardins, São Paulo - SP",35,1,1,1,1,335000,1100,Zona Sul,Jardins,"[""Interfone"",""Elevador"",""Playground"",""Condomínio fechado"",""Depósito"",""Mobiliado"",""Piscina"",""Segurança 24h"",""Perto de vias de acesso"",""Academia"",""Jardim"",""Salão de festas"",""Ar condicionado"",""Perto de shopping center"",""Espaço gourmet"",""Sistema de alarme""]",2023-07-24-22:16:35
https://web.archive.org/web/20180105/https://www.vivareal.com.br/venda/sp/sao-paulo/,2018-01-05,Flex Santana,"Rua Itaici, 71 - Santana, São Paulo - SP",41-58,2-3,,0,0,293791,,Zona Norte,Santana,[],2023-07-24-22:16:35
https://web.archive.org/web/20180105/https://www.vivareal.com.br/venda/sp/sao-paulo/?pagina=2,2018-01-05,"Apartamento com 2 Quartos à Venda, 54m²","Rua Apucarana, 825 - Tatuapé, São Paulo - SP",54,2,1,2,2,435000,480,Zona Leste,Tatuapé,"[""Cozinha"",""Perto de shopping center"",""Perto de escola"",""Churrasqueira"",""Área de serviço"",""Academia"",""Garagem"",""Mobiliado"",""Salão de jogos""]",2023-07-24-22:16:36
https://web.archive.org/web/20180105/https://www.vivareal.com.br/venda/sp/sao-paulo/?pagina=2,2018-01-05,Dez Bom Retiro,"Rua Salvador Leme, 200 - Bom Retiro, São Paulo - SP",40-42,2,,1,1,,,,VivaReal,[],2023-07-24-22:16:36
https://web.archive.org/web/20180105/https://www.vivareal.com.br/venda/sp/sao-paulo/?pagina=2,2018-01-05,"Apartamento com 4 Quartos à Venda, 120m²","Rua Pintassilgo, 63 - Moema, São Paulo - SP",120,4,1,5,2,1050000,1200,Zona Sul,Moema,"[""Perto de vias de acesso"",""Jardim"",""Condomínio fechado"",""Perto de shopping center"",""Piscina"",""Interfone"",""Sistema de alarme"",""Academia"",""Sacada"",""Elevador"",""Playground"",""Segurança 24h"",""Perto de escola"",""Próximo a hospitais"",""TV a cabo"",""Cabeamento completo"",""Conexão à internet"",""Garagem"",""Lavanderia"",""Cozinha"",""Área de serviço"",""Aquecimento""]",2023-07-24-22:16:36
https://web.archive.org/web/20180105/https://www.vivareal.com.br/venda/sp/sao-paulo/?pagina=2,2018-01-05,"Apartamento com 2 Quartos à Venda, 41m²","Rua Lagoa de Dentro, 170 - Penha, São Paulo - SP",41,2,0,1,1,169900,100,Zona Leste,Penha,"[""Interfone"",""Playground"",""Espaço gourmet"",""Churrasqueira"",""Salão de festas"",""Perto de vias de acesso"",""Segurança 24h"",""Condomínio fechado"",""Perto de shopping center"",""Elevador"",""Academia"",""Jardim""]",2023-07-24-22:16:36
https://web.archive.org/web/20180105/https://www.vivareal.com.br/venda/sp/sao-paulo/?pagina=2,2018-01-05,"Kitnet com  Quarto para Venda/Aluguel, 28m²","Rua dos Andradas, 47 - Santa Ifigênia, São Paulo - SP",28,1,0,1,0,190000,335,,VivaReal,"[""Perto de vias de acesso"",""Perto de shopping center"",""Perto de escola"",""Próximo a hospitais"",""Interfone"",""Segurança 24h"",""Circuito de segurança"",""Vigia"",""Elevador"",""Cozinha""]",2023-07-24-22:16:36
https://web.archive.org/web/20180105/https://www.vivareal.com.br/venda/sp/sao-paulo/?pagina=2,2018-01-05,"Casa com 4 Quartos à Venda, 597m²","Rua Magalhães de Araújo, 320 - Jardim Guedala, São Paulo - SP",597,4,4,8,8,1908000,,Zona Sul,Jardim Guedala,"[""Segurança 24h"",""Lareira"",""Jardim"",""Interfone"",""Mobiliado"",""Quintal"",""Espaço gourmet"",""Salão de festas"",""Piscina"",""Sacada"",""Perto de vias de acesso"",""Perto de shopping center"",""Churrasqueira"",""Depósito"",""Sistema de alarme""]",2023-07-24-22:16:36
https://web.archive.org/web/20180105/https://www.vivareal.com.br/venda/sp/sao-paulo/?pagina=2,2018-01-05,"Casa com 3 Quartos à Venda, 120m²","Jardim Valparaiso, São Paulo - SP",120,3,0,3,2,290000,,Zona Norte,Jardim Valparaiso,[],2023-07-24-22:16:36
https://web.archive.org/web/20180105/https://www.vivareal.com.br/venda/sp/sao-paulo/?pagina=2,2018-01-05,"Apartamento com 2 Quartos à Venda, 51m²","Rua Santo Antônio, 597 - Bela Vista, São Paulo - SP",51,2,0,1,1,430000,312,,VivaReal,"[""Interfone"",""Sacada"",""Academia"",""Salão de festas"",""Elevador"",""Perto de vias de acesso"",""Perto de shopping center"",""Playground"",""Piscina"",""Quadra poliesportiva"",""Sistema de alarme"",""Segurança 24h"",""Condomínio fechado"",""Churrasqueira"",""Jardim"",""Espaço gourmet""]",2023-07-24-22:16:36
https://web.archive.org/web/20180105/https://www.vivareal.com.br/venda/sp/sao-paulo/?pagina=2,2018-01-05,Varanda Vila Romana,"Rua Catão, 208 - Vila Romana, São Paulo - SP",75-78,2-3,,2,2,,,Zona Oeste,Vila Romana,[],2023-07-24-22:16:36
https://web.archive.org/web/20180105/https://www.vivareal.com.br/venda/sp/sao-paulo/?pagina=2,2018-01-05,"Casa com 3 Quartos à Venda, 138m²","Rua Henrique Osvaldo, 12 - Penha De Franca, São Paulo - SP",138,3,0,2,4,550000,,Zona Leste,Penha De Franca,"[""Perto de shopping center"",""Perto de vias de acesso"",""Jardim"",""Quintal""]",2023-07-24-22:16:36
https://web.archive.org/web/20180105/https://www.vivareal.com.br/venda/sp/sao-paulo/?pagina=2,2018-01-05,"Lote/Terreno    à Venda, 450m²","Rua Breno Pinheiro, 120 - Jardim Morumbi, São Paulo - SP",450,0,0,0,0,320000,,Zona Oeste,Jardim Morumbi,"[""Perto de vias de acesso"",""Perto de shopping center"",""Perto de escola"",""Próximo a hospitais""]",2023-07-24-22:16:36
https://web.archive.org/web/20180105/https://www.vivareal.com.br/venda/sp/sao-paulo/?pagina=2,2018-01-05,"Flat com  Quarto para Venda/Aluguel, 39m²","Rua Ouro Branco, 150 - Jardim Paulista, São Paulo - SP",39,1,1,1,1,400000,1450,Zona Sul,Jardim Paulista,"[""Interfone"",""Perto de shopping center"",""Condomínio fechado"",""Perto de vias de acesso"",""Piscina"",""Academia"",""Mobiliado"",""Jardim"",""Playground"",""Ar condicionado"",""Sistema de alarme"",""Elevador"",""Segurança 24h"",""Salão de festas""]",2023-07-24-22:16:36
https://web.archive.org/web/20180105/https://www.vivareal.com.br/venda/sp/sao-paulo/?pagina=2,2018-01-05,"Casa com 3 Quartos à Venda, 186m²","Rua Santa Rosa do Viterbo, 137 - Parque Monteiro Soares, São Paulo - SP",186,3,1,3,6,500000,,Zona Norte,Parque Monteiro Soares,"[""Perto de vias de acesso"",""Perto de escola"",""Próximo a hospitais"",""Quintal"",""Lavanderia"",""Garagem"",""Cozinha"",""Área de serviço""]",2023-07-24-22:16:36
https://web.archive.org/web/20180105/https://www.vivareal.com.br/venda/sp/sao-paulo/?pagina=2,2018-01-05,"Flat com  Quarto para Venda/Aluguel, 30m²","Rua Oscar Freire, 1948 - Pinheiros, São Paulo - SP",30,1,1,1,1,280000,1500,Zona Oeste,Pinheiros,"[""Perto de vias de acesso"",""Perto de shopping center"",""Perto de escola"",""Próximo a hospitais"",""Ar condicionado"",""Depósito"",""Mobiliado"",""Cabeamento completo"",""TV a cabo"",""Conexão à internet"",""Garagem"",""Lavanderia"",""Elevador"",""Jardim"",""Espaço gourmet"",""Academia"",""Piscina"",""Piscina adulta"",""Recepção"",""Gerador elétrico"",""Sistema de alarme"",""Condomínio fechado"",""Interfone"",""Segurança 24h"",""Circuito de segurança"",""Vigia"",""Aquecimento"",""Sauna""]",2023-07-24-22:16:36
https://web.archive.org/web/20180105/https://www.vivareal.com.br/venda/sp/sao-paulo/?pagina=2,2018-01-05,"Apartamento com 3 Quartos para Venda/Aluguel, 63m²","Rua Alexandre Benois, 17 - Morumbi, São Paulo - SP",63,3,1,2,2,390000,503,Zona Sul,Morumbi,"[""Churrasqueira"",""Varanda gourmet"",""Piscina"",""Sacada"",""Jardim"",""Sistema de alarme"",""Cozinha"",""Salão de festas"",""Interfone"",""Elevador"",""Playground"",""Quadra poliesportiva"",""Área de serviço"",""TV a cabo"",""Academia""]",2023-07-24-22:16:36
https://web.archive.org/web/20180105/https://www.vivareal.com.br/venda/sp/sao-paulo/?pagina=2,2018-01-05,Dez Vila Ema,"Avenida Vila Ema, 3000 - Vila Ema, São Paulo - SP",40,2,,1-2,1,234616,,Zona Leste,Vila Ema,[],2023-07-24-22:16:36
https://web.archive.org/web/20180105/https://www.vivareal.com.br/venda/sp/sao-paulo/?pagina=2,2018-01-05,"Sobrado com 3 Quartos à Venda, 125m²","Rua Joaquim Odorico Teixeira, 220 - Jardim São Luis, São Paulo - SP",125,3,1,3,2,450000,,Zona Norte,Jardim São Luis,"[""Churrasqueira"",""Perto de shopping center"",""Interfone"",""Perto de vias de acesso""]",2023-07-24-22:16:36
https://web.archive.org/web/20180105/https://www.vivareal.com.br/venda/sp/sao-paulo/?pagina=2,2018-01-05,"Apartamento com 2 Quartos à Venda, 54m²","Rua Caio Prado, 363 - Consolação, São Paulo - SP",54,2,0,1,1,549000,455,,VivaReal,"[""Perto de vias de acesso"",""Perto de shopping center"",""Próximo a hospitais"",""Perto de escola"",""Churrasqueira"",""Elevador"",""Jardim"",""Espaço gourmet"",""Academia"",""Salão de festas"",""Playground"",""Piscina"",""Quadra poliesportiva"",""Espaço verde / Parque"",""Salão de jogos"",""Salão de jogos juvenil"",""Sauna"",""Condomínio fechado"",""Vista exterior"",""Cozinha"",""Lavanderia"",""Sacada"",""Circuito de segurança"",""Garagem""]",2023-07-24-22:16:36
https://web.archive.org/web/20180105/https://www.vivareal.com.br/venda/sp/sao-paulo/?pagina=2,2018-01-05,"Apartamento com 2 Quartos à Venda, 46m²","Rua dos Alpes, 240 - Cambuci, São Paulo - SP",46,2,0,1,1,272000,280,Zona Sul,Cambuci,"[""Perto de vias de acesso"",""Jardim"",""Quadra poliesportiva"",""Elevador"",""Piscina"",""Salão de festas"",""Condomínio fechado"",""Espaço gourmet"",""Sistema de alarme"",""Quintal"",""Churrasqueira"",""Academia"",""Interfone"",""Playground"",""Perto de shopping center"",""Segurança 24h"",""Piscina adulta"",""Piscina infantil"",""Salão de jogos"",""Salão de jogos juvenil"",""Perto de escola"",""Próximo a hospitais"",""Circuito de segurança""]",2023-07-24-22:16:36
https://web.archive.org/web/20180105/https://www.vivareal.com.br/venda/sp/sao-paulo/?pagina=2,2018-01-05,"Apartamento com 3 Quartos para Venda/Aluguel, 83m²","Rua Tebas, 296 - Vila Mascote, São Paulo - SP",83,3,1,2,2,750000,850,Zona Sul,Vila Mascote,"[""Perto de vias de acesso"",""Perto de shopping center"",""Perto de escola"",""Próximo a hospitais"",""Churrasqueira"",""Elevador"",""Jardim"",""Espaço gourmet"",""Academia"",""Salão de festas"",""Playground"",""Piscina"",""Quadra poliesportiva"",""Sacada"",""TV a cabo"",""Cozinha"",""Área de serviço"",""Vista exterior"",""Aquecimento"",""Gerador elétrico"",""Segurança 24h"",""Interfone""]",2023-07-24-22:16:36
https://web.archive.org/web/20180105/https://www.vivareal.com.br/venda/sp/sao-paulo/?pagina=2,2018-01-05,"Apartamento com 2 Quartos à Venda, 72m²","Rua dos Pinheiros, 801 - Pinheiros, São Paulo - SP",72,2,1,2,1,799000,400,Zona Oeste,Pinheiros,"[""Academia"",""Ar condicionado"",""Piscina"",""Perto de shopping center"",""Interfone"",""Salão de festas"",""Sacada"",""Perto de vias de acesso"",""Espaço gourmet"",""Segurança 24h"",""Churrasqueira"",""Sistema de alarme"",""Jardim"",""Elevador"",""Playground"",""Condomínio fechado"",""Quadra poliesportiva"",""Perto de escola"",""Próximo a hospitais"",""Home cinema"",""Quadra de tênis"",""Espaço verde / Parque"",""Piscina adulta"",""Piscina infantil"",""Cinema"",""Salão de jogos"",""Salão de jogos juvenil"",""Recepção"",""Massagem"",""Sauna"",""Serviços públicos essenciais"",""Pista de cooper"",""Spa"",""Quadra de squash"",""Espelhos d'água"",""Varanda gourmet"",""Gerador elétrico"",""Depósito"",""Cabeamento completo"",""TV a cabo"",""Conexão à internet"",""Garagem"",""Cozinha"",""Área de serviço"",""Circuito de segurança"",""Vigia""]",2023-07-24-22:16:36
https://web.archive.org/web/20180105/https://www.vivareal.com.br/venda/sp/sao-paulo/?pagina=2,2018-01-05,"Apartamento com 2 Quartos para Venda/Aluguel, 53m²","Estrada de Itapecerica, 6575 - Capão Redondo, São Paulo - SP",53,2,0,1,1,170000,125,Zona Sul,Capão Redondo,"[""Segurança 24h"",""Perto de vias de acesso"",""Interfone"",""Mobiliado"",""Condomínio fechado"",""Perto de shopping center""]",2023-07-24-22:16:36
https://web.archive.org/web/20180105/https://www.vivareal.com.br/venda/sp/sao-paulo/?pagina=2,2018-01-05,Praça São Paulo Comercial,"Rua Henri Dunant, 792 - Santo Amaro, São Paulo - SP",40-44,0,,1,1,,,Zona Sul,Santo Amaro,[],2023-07-24-22:16:36
https://web.archive.org/web/20180105/https://www.vivareal.com.br/venda/sp/sao-paulo/?pagina=2,2018-01-05,"Apartamento com 3 Quartos para Venda/Aluguel, 124m²","Rua Natingui, 165 - Vila Madalena, São Paulo - SP",124,3,1,4,3,1290000,2500,Zona Oeste,Vila Madalena,"[""Perto de vias de acesso"",""Condomínio fechado"",""Playground"",""Sacada"",""Salão de festas"",""Segurança 24h"",""Academia"",""Depósito"",""Elevador"",""Perto de shopping center"",""Sistema de alarme"",""Piscina"",""Interfone"",""Jardim""]",2023-07-24-22:16:36
https://web.archive.org/web/20180105/https://www.vivareal.com.br/venda/sp/sao-paulo/?pagina=2,2018-01-05,"Apartamento com 2 Quartos à Venda, 43m²","Avenida Deputado Cantidio Sampaio, 490 - Vila Souza, São Paulo - SP",43,2,0,1,1,199000,240,Zona Norte,Vila Souza,"[""Perto de shopping center"",""Academia"",""Condomínio fechado"",""Sacada"",""Quadra poliesportiva"",""Elevador"",""Espaço gourmet"",""Churrasqueira"",""Segurança 24h"",""Salão de festas"",""Perto de vias de acesso"",""Sistema de alarme"",""Interfone"",""Jardim"",""Piscina"",""Playground"",""Circuito de segurança""]",2023-07-24-22:16:36
https://web.archive.org/web/20180105/https://www.vivareal.com.br/venda/sp/sao-paulo/?pagina=2,2018-01-05,"Apartamento com 2 Quartos à Venda, 40m²","Avenida Agenor Couto de Magalhães, 71 - Jardim Regina, São Paulo - SP",40,2,0,1,1,169000,170,Zona Norte,Jardim Regina,"[""Gerador elétrico"",""Varanda gourmet"",""Vigia"",""Circuito de segurança"",""Segurança 24h"",""Interfone"",""Condomínio fechado"",""Sistema de alarme"",""Pista de cooper"",""Serviços públicos essenciais"",""Vista exterior"",""Área de serviço"",""Cozinha"",""Lavanderia"",""Garagem"",""Conexão à internet"",""TV a cabo"",""Cabeamento completo"",""Salão de jogos juvenil"",""Salão de jogos"",""Piscina infantil"",""Piscina adulta"",""Espaço verde / Parque"",""Quadra poliesportiva"",""Piscina"",""Salão de festas"",""Playground"",""Quintal"",""Sacada"",""Próximo a hospitais"",""Perto de escola"",""Perto de shopping center"",""Perto de vias de acesso"",""Churrasqueira"",""Elevador"",""Jardim"",""Espaço gourmet"",""Academia""]",2023-07-24-22:16:36
https://web.archive.org/web/20180105/https://www.vivareal.com.br/venda/sp/sao-paulo/?pagina=2,2018-01-05,"Apartamento com 2 Quartos à Venda, 41m²","Rua José Bento, 480 - Cambuci, São Paulo - SP",41,2,0,1,0,184900,180,Zona Sul,Cambuci,"[""Perto de vias de acesso"",""Perto de shopping center"",""Perto de escola"",""Próximo a hospitais"",""Churrasqueira"",""Elevador"",""Jardim"",""Espaço gourmet"",""Playground"",""Salão de festas"",""Cabeamento completo"",""Garagem"",""Sistema de alarme"",""Condomínio fechado"",""Interfone"",""Segurança 24h"",""Vigia"",""Serviços públicos essenciais""]",2023-07-24-22:16:36
https://web.archive.org/web/20180105/https://www.vivareal.com.br/venda/sp/sao-paulo/?pagina=2,2018-01-05,"Ponto Comercial    à Venda, 140m²","Praça Sílvio Romero - Cidade Mae Do Ceu, São Paulo - SP",140,0,0,0,0,55000,,Zona Leste,Cidade Mae Do Ceu,[],2023-07-24-22:16:36
https://web.archive.org/web/20180105/https://www.vivareal.com.br/venda/sp/sao-paulo/?pagina=2,2018-01-05,"Flat com  Quarto para Venda/Aluguel, 28m²","Rua Capote Valente, 500 - Pinheiros, São Paulo - SP",28,1,1,1,1,320000,1270,Zona Oeste,Pinheiros,"[""Perto de vias de acesso"",""Perto de shopping center"",""Perto de escola"",""Próximo a hospitais"",""Elevador"",""Jardim"",""Academia"",""Piscina"",""Recepção"",""Sauna"",""Serviços públicos essenciais"",""Piscina infantil"",""Piscina adulta"",""Espaço verde / Parque"",""Quadra poliesportiva"",""Varanda gourmet"",""Gerador elétrico"",""Vigia"",""Circuito de segurança"",""Segurança 24h"",""Interfone"",""Condomínio fechado"",""Sistema de alarme"",""Aquecimento"",""Vista exterior"",""Lavanderia"",""Garagem"",""Conexão à internet"",""TV a cabo"",""Ar condicionado"",""Mobiliado""]",2023-07-24-22:16:36
https://web.archive.org/web/20180105/https://www.vivareal.com.br/venda/sp/sao-paulo/?pagina=2,2018-01-05,Attimo Tatuapé,"Rua Tenente Gelás - Tatuapé, São Paulo - SP",50-51,2,,2,1,340000,,Zona Leste,Tatuapé,[],2023-07-24-22:16:36
https://web.archive.org/web/20180105/https://www.vivareal.com.br/venda/sp/sao-paulo/?pagina=3,2018-01-05,"Apartamento com 3 Quartos à Venda, 82m²","Rua Santo Irineu, 60 - Vila Mariana, São Paulo - SP",82,3,1,3,2,699000,,,,"[""Perto de vias de acesso"",""Perto de shopping center"",""Perto de escola"",""Próximo a hospitais"",""Quintal"",""Sacada"",""Depósito"",""Cabeamento completo"",""TV a cabo"",""Conexão à internet"",""Garagem"",""Lavanderia"",""Cozinha"",""Área de serviço"",""Vista exterior"",""Vigia"",""Circuito de segurança"",""Segurança 24h"",""Condomínio fechado"",""Sistema de alarme"",""Interfone"",""Gerador elétrico"",""Varanda gourmet"",""Serviços públicos essenciais"",""Sauna"",""Recepção"",""Salão de jogos juvenil"",""Salão de jogos"",""Piscina infantil"",""Piscina adulta"",""Espaço verde / Parque"",""Quadra poliesportiva"",""Piscina"",""Playground"",""Salão de festas"",""Academia"",""Espaço gourmet"",""Jardim"",""Elevador"",""Churrasqueira""]",2023-07-24-22:16:38
https://web.archive.org/web/20180105/https://www.vivareal.com.br/venda/sp/sao-paulo/?pagina=3,2018-01-05,Colinas de Ankara,"Alameda dos Guaramomis - Planalto Paulista, São Paulo - SP",628,4,,4,8,6500000,,Zona Sul,Planalto Paulista,[],2023-07-24-22:16:38
https://web.archive.org/web/20180105/https://www.vivareal.com.br/venda/sp/sao-paulo/?pagina=3,2018-01-05,"Apartamento com 2 Quartos para Venda/Aluguel, 48m²","Rua João Simões de Souza, 430 - Parque Rebouças, São Paulo - SP",48,2,0,1,1,318000,350,Zona Sul,Parque Rebouças,"[""Perto de vias de acesso"",""Perto de shopping center"",""Perto de escola"",""Sacada"",""Mobiliado"",""Cabeamento completo"",""Garagem"",""Lavanderia"",""Cozinha"",""Área de serviço"",""Sistema de alarme"",""Condomínio fechado"",""Interfone"",""Segurança 24h"",""Circuito de segurança"",""Salão de jogos"",""Piscina infantil"",""Piscina adulta"",""Quadra poliesportiva"",""Piscina"",""Salão de festas"",""Playground"",""Academia"",""Espaço gourmet"",""Elevador"",""Churrasqueira""]",2023-07-24-22:16:38
https://web.archive.org/web/20180105/https://www.vivareal.com.br/venda/sp/sao-paulo/?pagina=3,2018-01-05,"Apartamento com 3 Quartos à Venda, 96m²","Rua Francisco José da Silva, 238 - Vila Andrade, São Paulo - SP",96,3,,3,2,487000,,,,,2023-07-24-22:16:38
https://web.archive.org/web/20180105/https://www.vivareal.com.br/venda/sp/sao-paulo/?pagina=3,2018-01-05,"Apartamento com 3 Quartos à Venda, 82m²","Rua Marfim, 135 - Interlagos, São Paulo - SP",82,3,1,2,2,387000,530,Zona Sul,Interlagos,"[""Jardim"",""Quadra poliesportiva"",""Piscina"",""Segurança 24h"",""Condomínio fechado"",""Playground"",""Churrasqueira"",""Perto de vias de acesso"",""Perto de shopping center"",""Sacada"",""Sistema de alarme"",""Salão de festas"",""Espaço gourmet"",""Elevador"",""Academia"",""Interfone""]",2023-07-24-22:16:38
https://web.archive.org/web/20180105/https://www.vivareal.com.br/venda/sp/sao-paulo/?pagina=3,2018-01-05,"Apartamento com 3 Quartos à Venda, 94m²","Rua Professor Dorival Dias Minhoto, 333 - Lauzane Paulista, São Paulo - SP",94,3,1,2,2,660000,680,,,"[""Churrasqueira"",""Piscina"",""Playground"",""Interfone"",""Sauna"",""Jardim"",""Sacada"",""Quadra poliesportiva"",""Salão de festas""]",2023-07-24-22:16:38
https://web.archive.org/web/20180105/https://www.vivareal.com.br/venda/sp/sao-paulo/?pagina=3,2018-01-05,"Apartamento com 2 Quartos à Venda, 52m²","Rua São Célso, 315 - Penha, São Paulo - SP",52,2,,1,1,249900,,,,,2023-07-24-22:16:38
https://web.archive.org/web/20180105/https://www.vivareal.com.br/venda/sp/sao-paulo/?pagina=3,2018-01-05,"Apartamento com 2 Quartos à Venda, 47m²","Avenida Forte do Leme, 680 - Parque São Lourenço, São Paulo - SP",47,2,0,1,1,204900,200,Zona Leste,Parque São Lourenço,"[""Academia"",""Quadra poliesportiva"",""Interfone"",""Piscina"",""Elevador"",""Segurança 24h"",""Playground"",""Espaço gourmet"",""Condomínio fechado"",""Churrasqueira"",""Perto de shopping center"",""Jardim"",""Sacada"",""Perto de vias de acesso"",""Salão de festas""]",2023-07-24-22:16:38
https://web.archive.org/web/20180105/https://www.vivareal.com.br/venda/sp/sao-paulo/?pagina=3,2018-01-05,Átrio Vila Madalena,"Rua Heitor Penteado, 1977 - Sumarezinho, São Paulo - SP",36-74,1,,1-2,1,439000,,Zona Oeste,Sumarezinho,[],2023-07-24-22:16:38
https://web.archive.org/web/20180105/https://www.vivareal.com.br/venda/sp/sao-paulo/?pagina=3,2018-01-05,"Apartamento com 3 Quartos à Venda, 88m²","Rua João Rudge, 450 - Casa Verde, São Paulo - SP",88,3,1,2,2,770000,450,Zona Norte,Casa Verde,"[""Churrasqueira"",""Elevador"",""Jardim"",""Espaço gourmet"",""Academia"",""Salão de festas"",""Playground"",""Piscina"",""Quadra poliesportiva"",""Sacada"",""Mobiliado"",""Perto de vias de acesso"",""Perto de shopping center"",""Sistema de alarme"",""Condomínio fechado"",""Interfone"",""Segurança 24h""]",2023-07-24-22:16:38
https://web.archive.org/web/20180105/https://www.vivareal.com.br/venda/sp/sao-paulo/?pagina=3,2018-01-05,"Imóvel comercial com 14 Quartos à Venda, 873m²","Rua Antonio Aggio, 443 - Jardim Ampliação, São Paulo - SP",873,14,,14,3,3999000,,,,,2023-07-24-22:16:38
https://web.archive.org/web/20180105/https://www.vivareal.com.br/venda/sp/sao-paulo/?pagina=3,2018-01-05,"Apartamento com 3 Quartos à Venda, 87m²","Rua Oliveira Alves, 400 - Ipiranga, São Paulo - SP",87,3,,3,2,759000,,,,,2023-07-24-22:16:38
https://web.archive.org/web/20180105/https://www.vivareal.com.br/venda/sp/sao-paulo/?pagina=3,2018-01-05,"Apartamento com 2 Quartos à Venda, 51m²","Rua Benjamin Pereira, 895 - Jaçanã, São Paulo - SP",51,2,0,1,1,25900,290,Zona Norte,Jaçanã,"[""Mobiliado"",""Piscina"",""Sacada"",""Interfone"",""Sistema de alarme"",""Segurança 24h"",""Jardim"",""Condomínio fechado"",""Churrasqueira"",""Academia"",""Quadra poliesportiva"",""Elevador"",""Salão de festas"",""Playground"",""Perto de shopping center"",""Espaço gourmet"",""Perto de vias de acesso"",""Perto de escola"",""Próximo a hospitais"",""Cabeamento completo"",""Garagem"",""Circuito de segurança"",""Vigia"",""Espaço verde / Parque"",""Piscina adulta"",""Piscina infantil"",""Salão de jogos"",""Salão de jogos juvenil"",""Recepção"",""Serviços públicos essenciais"",""Cozinha"",""Vista exterior"",""Área de serviço"",""Lavanderia"",""Conexão à internet"",""TV a cabo""]",2023-07-24-22:16:38
https://web.archive.org/web/20180105/https://www.vivareal.com.br/venda/sp/sao-paulo/?pagina=3,2018-01-05,"Apartamento com 3 Quartos à Venda, 87m²","Rua José Gonçalves, 180 - Vila Andrade, São Paulo - SP",87,3,,3,2,540000,,,,,2023-07-24-22:16:38
https://web.archive.org/web/20180105/https://www.vivareal.com.br/venda/sp/sao-paulo/?pagina=3,2018-01-05,"Apartamento com 3 Quartos à Venda, 110m²","Rua Lourenço Prado, 209 - Butantã, São Paulo - SP",110,3,,2,1,450000,,,,,2023-07-24-22:16:38
https://web.archive.org/web/20180105/https://www.vivareal.com.br/venda/sp/sao-paulo/?pagina=3,2018-01-05,Merano Moema,"Avenida Açocê - Moema, São Paulo - SP",400,4,,5,5,7352000,,Zona Sul,Moema,[],2023-07-24-22:16:38
https://web.archive.org/web/20180105/https://www.vivareal.com.br/venda/sp/sao-paulo/?pagina=3,2018-01-05,"Apartamento com 3 Quartos à Venda, 89m²","Rua das Flechas, 00 - Jardim Prudência, São Paulo - SP",89,3,,2,2,680000,,,,,2023-07-24-22:16:38
https://web.archive.org/web/20180105/https://www.vivareal.com.br/venda/sp/sao-paulo/?pagina=3,2018-01-05,"Apartamento com 2 Quartos à Venda, 43m²","Rua Salvador Leme, 200 - Bom Retiro, São Paulo - SP",43,2,,1,1,170950,,,,,2023-07-24-22:16:38
https://web.archive.org/web/20180105/https://www.vivareal.com.br/venda/sp/sao-paulo/?pagina=3,2018-01-05,"Apartamento com 2 Quartos à Venda, 50m²","Rua Dias de Tolêdo, 242 - Saúde, São Paulo - SP",50,2,,2,1,460000,,,,,2023-07-24-22:16:38
https://web.archive.org/web/20180105/https://www.vivareal.com.br/venda/sp/sao-paulo/?pagina=3,2018-01-05,"Apartamento com 2 Quartos à Venda, 131m²","Rua dos Bandeirantes, 146 - Bom Retiro, São Paulo - SP",131,2,,1,1,450000,,,,,2023-07-24-22:16:38
https://web.archive.org/web/20180105/https://www.vivareal.com.br/venda/sp/sao-paulo/?pagina=3,2018-01-05,"Apartamento com 2 Quartos à Venda, 55m²","Avenida Santa Mônica, 593 - Pirituba, São Paulo - SP",55,2,0,1,1,199000,250,,,"[""Cozinha"",""Interfone"",""Sacada"",""Área de serviço""]",2023-07-24-22:16:38
https://web.archive.org/web/20180105/https://www.vivareal.com.br/venda/sp/sao-paulo/?pagina=3,2018-01-05,"Cobertura com 3 Quartos à Venda, 145m²","Rua Manuel Leiroz, 400 - Vila Penteado, São Paulo - SP",145,3,,3,2,959210,,,,,2023-07-24-22:16:38
https://web.archive.org/web/20180105/https://www.vivareal.com.br/venda/sp/sao-paulo/?pagina=3,2018-01-05,Ybyrá,"Rua Girassol, 998 - Vila Madalena, São Paulo - SP",60-70,2,,2,1-2,,,Zona Oeste,Vila Madalena,[],2023-07-24-22:16:38
https://web.archive.org/web/20180105/https://www.vivareal.com.br/venda/sp/sao-paulo/?pagina=3,2018-01-05,"Apartamento com 2 Quartos à Venda, 40m²","Avenida Vila Ema, 3000 - Vila Ema, São Paulo - SP",40,2,,1,0,199999,,,,,2023-07-24-22:16:38
https://web.archive.org/web/20180105/https://www.vivareal.com.br/venda/sp/sao-paulo/?pagina=3,2018-01-05,"Apartamento com 2 Quartos à Venda, 54m²","Avenida Professor Luiz Ignácio Anhaia Mello, 3800 - Vila Prudente, São Paulo - SP",54,2,1,2,1,243500,,,,"[""Perto de shopping center"",""Perto de vias de acesso"",""Perto de escola"",""Próximo a hospitais"",""Sacada"",""Cozinha"",""Área de serviço"",""Garagem"",""Lavanderia"",""Churrasqueira"",""Elevador"",""Espaço gourmet"",""Salão de festas"",""Playground"",""Piscina"",""Quadra poliesportiva"",""Piscina adulta"",""Piscina infantil"",""Salão de jogos"",""Salão de jogos juvenil"",""Serviços públicos essenciais"",""Condomínio fechado"",""Segurança 24h"",""Interfone"",""Vigia""]",2023-07-24-22:16:38
https://web.archive.org/web/20180105/https://www.vivareal.com.br/venda/sp/sao-paulo/?pagina=3,2018-01-05,"Casa de Condomínio com 4 Quartos à Venda, 390m²","Rua Barão de Cotegipe, 1 - Granja Julieta, São Paulo - SP",390,4,,6,4,2600000,,,,,2023-07-24-22:16:38
https://web.archive.org/web/20180105/https://www.vivareal.com.br/venda/sp/sao-paulo/?pagina=3,2018-01-05,"Ponto Comercial    para Venda/Aluguel, 42m²","Praça da Sé, 158 - Sé, São Paulo - SP",42,0,0,1,0,200000,437,,,[],2023-07-24-22:16:38
https://web.archive.org/web/20180105/https://www.vivareal.com.br/venda/sp/sao-paulo/?pagina=3,2018-01-05,"Apartamento com 3 Quartos para Venda/Aluguel, 57m²","Estrada do Campo Limpo, 5785 - Campo Limpo, São Paulo - SP",57,3,,2,1,310000,,,,,2023-07-24-22:16:38
https://web.archive.org/web/20180105/https://www.vivareal.com.br/venda/sp/sao-paulo/?pagina=3,2018-01-05,"Flat com  Quarto para Venda/Aluguel, 28m²","Rua Capote Valente, 500 - Pinheiros, São Paulo - SP",28,1,1,1,1,320000,1270,Zona Oeste,Pinheiros,"[""Perto de vias de acesso"",""Perto de shopping center"",""Perto de escola"",""Próximo a hospitais"",""Elevador"",""Jardim"",""Academia"",""Piscina"",""Recepção"",""Sauna"",""Serviços públicos essenciais"",""Piscina infantil"",""Piscina adulta"",""Espaço verde / Parque"",""Quadra poliesportiva"",""Varanda gourmet"",""Gerador elétrico"",""Vigia"",""Circuito de segurança"",""Segurança 24h"",""Interfone"",""Condomínio fechado"",""Sistema de alarme"",""Aquecimento"",""Vista exterior"",""Lavanderia"",""Garagem"",""Conexão à internet"",""TV a cabo"",""Ar condicionado"",""Mobiliado""]",2023-07-24-22:16:38
https://web.archive.org/web/20180105/https://www.vivareal.com.br/venda/sp/sao-paulo/?pagina=3,2018-01-05,Petit Village Begônia,"Rua Heloísa Penteado - Vila Esperança, São Paulo - SP",84-94,--,,--,--,420000,,Zona Leste,Vila Esperança,[],2023-07-24-22:16:38
